{
    "99098":{
        "dataset":"Real Faults",
        "project":"Mockito",
        "bug_id":"16",
        "T":"public void shouldAllowStubbingMocksConfiguredWithRETURNS_MOCKS() { IMethods mock = mock(IMethods.class, RETURNS_MOCKS); when(mock.objectReturningMethodNoArgs()).thenReturn(null); }",
        "C":"public <T> T mock(Class<T> classToMock, MockSettings mockSettings, boolean shouldResetOngoingStubbing) { mockingProgress.validateState(); if (shouldResetOngoingStubbing) { mockingProgress.resetOngoingStubbing(); } return mockUtil.createMock(classToMock, (MockSettingsImpl) mockSettings); }",
        "label":"P"
    },
    "99099":{
        "dataset":"Real Faults",
        "project":"Mockito",
        "bug_id":"16",
        "T":"public void testCompleteProgress() throws Exception { IProgressMonitor progressMonitor = mock(IProgressMonitor.class); progressMonitor.beginTask(\"foo\", 12); progressMonitor.worked(10); progressMonitor.done(); verify(progressMonitor).beginTask(anyString(), anyInt()); verify(progressMonitor, atLeastOnce()).worked(anyInt()); }",
        "C":"public <T> T mock(Class<T> classToMock, MockSettings mockSettings, boolean shouldResetOngoingStubbing) { mockingProgress.validateState(); if (shouldResetOngoingStubbing) { mockingProgress.resetOngoingStubbing(); } return mockUtil.createMock(classToMock, (MockSettingsImpl) mockSettings); }",
        "label":"P"
    },
    "99100":{
        "dataset":"Real Faults",
        "project":"Mockito",
        "bug_id":"16",
        "T":"public void shouldAllowStubbingMocksConfiguredWithRETURNS_MOCKS() { IMethods mock = mock(IMethods.class, RETURNS_MOCKS); when(mock.objectReturningMethodNoArgs()).thenReturn(null); }",
        "C":"public static <T> T mock(Class<T> classToMock, MockSettings mockSettings) { return MOCKITO_CORE.mock(classToMock, mockSettings); }",
        "label":"F"
    },
    "99101":{
        "dataset":"Real Faults",
        "project":"Mockito",
        "bug_id":"16",
        "T":"public void shouldAllowStubbingMocksConfiguredWithRETURNS_MOCKS() { IMethods mock = mock(IMethods.class, RETURNS_MOCKS); when(mock.objectReturningMethodNoArgs()).thenReturn(null); }",
        "C":"public static <T> T mock(Class<T> classToMock, MockSettings mockSettings) { return MOCKITO_CORE.mock(classToMock, mockSettings, true); }",
        "label":"P"
    },
    "99102":{
        "dataset":"Real Faults",
        "project":"Mockito",
        "bug_id":"16",
        "T":"public void testCompleteProgress() throws Exception { IProgressMonitor progressMonitor = mock(IProgressMonitor.class); progressMonitor.beginTask(\"foo\", 12); progressMonitor.worked(10); progressMonitor.done(); verify(progressMonitor).beginTask(anyString(), anyInt()); verify(progressMonitor, atLeastOnce()).worked(anyInt()); }",
        "C":"public static <T> T mock(Class<T> classToMock, MockSettings mockSettings) { return MOCKITO_CORE.mock(classToMock, mockSettings, true); }",
        "label":"P"
    },
    "99103":{
        "dataset":"Real Faults",
        "project":"Mockito",
        "bug_id":"16",
        "T":"public void testCompleteProgress() throws Exception { IProgressMonitor progressMonitor = mock(IProgressMonitor.class); progressMonitor.beginTask(\"foo\", 12); progressMonitor.worked(10); progressMonitor.done(); verify(progressMonitor).beginTask(anyString(), anyInt()); verify(progressMonitor, atLeastOnce()).worked(anyInt()); }",
        "C":"public static <T> T mock(Class<T> classToMock, MockSettings mockSettings) { return MOCKITO_CORE.mock(classToMock, mockSettings); }",
        "label":"P"
    },
    "99104":{
        "dataset":"Real Faults",
        "project":"Mockito",
        "bug_id":"6",
        "T":"public void anyStringMatcher() { when(mock.oneArg(anyString())).thenReturn(\"matched\"); }",
        "C":"public static String anyString() { return reportMatcher(Any.ANY).returnString(); }",
        "label":"F"
    },
    "99105":{
        "dataset":"Real Faults",
        "project":"Mockito",
        "bug_id":"6",
        "T":"public void anyStringMatcher() { when(mock.oneArg(anyString())).thenReturn(\"matched\"); }",
        "C":"public static String anyString() { return reportMatcher(new InstanceOf(String.class)).returnString(); }",
        "label":"P"
    },
    "99106":{
        "dataset":"Real Faults",
        "project":"Mockito",
        "bug_id":"6",
        "T":"public void shouldAllowAnyList() { when(mock.forList(anyList())).thenReturn(\"matched\"); verify(mock, times(1)).forList(anyList()); }",
        "C":"public static List anyList() { return reportMatcher(Any.ANY).returnList(); }",
        "label":"P"
    },
    "99107":{
        "dataset":"Real Faults",
        "project":"Mockito",
        "bug_id":"6",
        "T":"public void shouldAllowAnyList() { when(mock.forList(anyList())).thenReturn(\"matched\"); verify(mock, times(1)).forList(anyList()); }",
        "C":"public static List anyList() { return reportMatcher(new InstanceOf(List.class)).returnList(); }",
        "label":"P"
    },
    "99108":{
        "dataset":"Real Faults",
        "project":"Mockito",
        "bug_id":"6",
        "T":"public void shouldNotAcceptNullInAllAnyPrimitiveWrapperMatchers() { when(mock.forInteger(anyInt())).thenReturn(\"0\"); when(mock.forCharacter(anyChar())).thenReturn(\"1\"); when(mock.forShort(anyShort())).thenReturn(\"2\"); when(mock.forByte(anyByte())).thenReturn(\"3\"); when(mock.forBoolean(anyBoolean())).thenReturn(\"4\"); when(mock.forLong(anyLong())).thenReturn(\"5\"); when(mock.forFloat(anyFloat())).thenReturn(\"6\"); when(mock.forDouble(anyDouble())).thenReturn(\"7\"); }",
        "C":"public static boolean anyBoolean() { return reportMatcher(Any.ANY).returnFalse(); }",
        "label":"F"
    },
    "99109":{
        "dataset":"Real Faults",
        "project":"Mockito",
        "bug_id":"6",
        "T":"public void shouldNotAcceptNullInAllAnyPrimitiveWrapperMatchers() { when(mock.forInteger(anyInt())).thenReturn(\"0\"); when(mock.forCharacter(anyChar())).thenReturn(\"1\"); when(mock.forShort(anyShort())).thenReturn(\"2\"); when(mock.forByte(anyByte())).thenReturn(\"3\"); when(mock.forBoolean(anyBoolean())).thenReturn(\"4\"); when(mock.forLong(anyLong())).thenReturn(\"5\"); when(mock.forFloat(anyFloat())).thenReturn(\"6\"); when(mock.forDouble(anyDouble())).thenReturn(\"7\"); }",
        "C":"public static boolean anyBoolean() { return reportMatcher(new InstanceOf(Boolean.class)).returnFalse(); }",
        "label":"P"
    },
    "99110":{
        "dataset":"Real Faults",
        "project":"Mockito",
        "bug_id":"6",
        "T":"public void shouldNotAcceptNullInAllAnyPrimitiveWrapperMatchers() { when(mock.forInteger(anyInt())).thenReturn(\"0\"); when(mock.forCharacter(anyChar())).thenReturn(\"1\"); when(mock.forShort(anyShort())).thenReturn(\"2\"); when(mock.forByte(anyByte())).thenReturn(\"3\"); when(mock.forBoolean(anyBoolean())).thenReturn(\"4\"); when(mock.forLong(anyLong())).thenReturn(\"5\"); when(mock.forFloat(anyFloat())).thenReturn(\"6\"); when(mock.forDouble(anyDouble())).thenReturn(\"7\"); }",
        "C":"public static byte anyByte() { return reportMatcher(Any.ANY).returnZero(); }",
        "label":"F"
    },
    "99111":{
        "dataset":"Real Faults",
        "project":"Mockito",
        "bug_id":"6",
        "T":"public void shouldNotAcceptNullInAllAnyPrimitiveWrapperMatchers() { when(mock.forInteger(anyInt())).thenReturn(\"0\"); when(mock.forCharacter(anyChar())).thenReturn(\"1\"); when(mock.forShort(anyShort())).thenReturn(\"2\"); when(mock.forByte(anyByte())).thenReturn(\"3\"); when(mock.forBoolean(anyBoolean())).thenReturn(\"4\"); when(mock.forLong(anyLong())).thenReturn(\"5\"); when(mock.forFloat(anyFloat())).thenReturn(\"6\"); when(mock.forDouble(anyDouble())).thenReturn(\"7\"); }",
        "C":"public static char anyChar() { return reportMatcher(Any.ANY).returnChar(); }",
        "label":"F"
    },
    "99112":{
        "dataset":"Real Faults",
        "project":"Mockito",
        "bug_id":"6",
        "T":"public void shouldNotAcceptNullInAllAnyPrimitiveWrapperMatchers() { when(mock.forInteger(anyInt())).thenReturn(\"0\"); when(mock.forCharacter(anyChar())).thenReturn(\"1\"); when(mock.forShort(anyShort())).thenReturn(\"2\"); when(mock.forByte(anyByte())).thenReturn(\"3\"); when(mock.forBoolean(anyBoolean())).thenReturn(\"4\"); when(mock.forLong(anyLong())).thenReturn(\"5\"); when(mock.forFloat(anyFloat())).thenReturn(\"6\"); when(mock.forDouble(anyDouble())).thenReturn(\"7\"); }",
        "C":"public static char anyChar() { return reportMatcher(new InstanceOf(Character.class)).returnChar(); }",
        "label":"P"
    },
    "99113":{
        "dataset":"Real Faults",
        "project":"Mockito",
        "bug_id":"6",
        "T":"public void shouldNotAcceptNullInAllAnyPrimitiveWrapperMatchers() { when(mock.forInteger(anyInt())).thenReturn(\"0\"); when(mock.forCharacter(anyChar())).thenReturn(\"1\"); when(mock.forShort(anyShort())).thenReturn(\"2\"); when(mock.forByte(anyByte())).thenReturn(\"3\"); when(mock.forBoolean(anyBoolean())).thenReturn(\"4\"); when(mock.forLong(anyLong())).thenReturn(\"5\"); when(mock.forFloat(anyFloat())).thenReturn(\"6\"); when(mock.forDouble(anyDouble())).thenReturn(\"7\"); }",
        "C":"public static int anyInt() { return reportMatcher(Any.ANY).returnZero(); }",
        "label":"F"
    },
    "99114":{
        "dataset":"Real Faults",
        "project":"Mockito",
        "bug_id":"6",
        "T":"public void shouldNotAcceptNullInAllAnyPrimitiveWrapperMatchers() { when(mock.forInteger(anyInt())).thenReturn(\"0\"); when(mock.forCharacter(anyChar())).thenReturn(\"1\"); when(mock.forShort(anyShort())).thenReturn(\"2\"); when(mock.forByte(anyByte())).thenReturn(\"3\"); when(mock.forBoolean(anyBoolean())).thenReturn(\"4\"); when(mock.forLong(anyLong())).thenReturn(\"5\"); when(mock.forFloat(anyFloat())).thenReturn(\"6\"); when(mock.forDouble(anyDouble())).thenReturn(\"7\"); }",
        "C":"public static int anyInt() { return reportMatcher(new InstanceOf(Integer.class)).returnZero(); }",
        "label":"P"
    },
    "99115":{
        "dataset":"Real Faults",
        "project":"Mockito",
        "bug_id":"6",
        "T":"public void shouldNotAcceptNullInAllAnyPrimitiveWrapperMatchers() { when(mock.forInteger(anyInt())).thenReturn(\"0\"); when(mock.forCharacter(anyChar())).thenReturn(\"1\"); when(mock.forShort(anyShort())).thenReturn(\"2\"); when(mock.forByte(anyByte())).thenReturn(\"3\"); when(mock.forBoolean(anyBoolean())).thenReturn(\"4\"); when(mock.forLong(anyLong())).thenReturn(\"5\"); when(mock.forFloat(anyFloat())).thenReturn(\"6\"); when(mock.forDouble(anyDouble())).thenReturn(\"7\"); }",
        "C":"public static long anyLong() { return reportMatcher(Any.ANY).returnZero(); }",
        "label":"F"
    },
    "99116":{
        "dataset":"Real Faults",
        "project":"Mockito",
        "bug_id":"6",
        "T":"public void shouldNotAcceptNullInAllAnyPrimitiveWrapperMatchers() { when(mock.forInteger(anyInt())).thenReturn(\"0\"); when(mock.forCharacter(anyChar())).thenReturn(\"1\"); when(mock.forShort(anyShort())).thenReturn(\"2\"); when(mock.forByte(anyByte())).thenReturn(\"3\"); when(mock.forBoolean(anyBoolean())).thenReturn(\"4\"); when(mock.forLong(anyLong())).thenReturn(\"5\"); when(mock.forFloat(anyFloat())).thenReturn(\"6\"); when(mock.forDouble(anyDouble())).thenReturn(\"7\"); }",
        "C":"public static long anyLong() { return reportMatcher(new InstanceOf(Long.class)).returnZero(); }",
        "label":"P"
    },
    "99117":{
        "dataset":"Real Faults",
        "project":"Mockito",
        "bug_id":"6",
        "T":"public void shouldNotAcceptNullInAllAnyPrimitiveWrapperMatchers() { when(mock.forInteger(anyInt())).thenReturn(\"0\"); when(mock.forCharacter(anyChar())).thenReturn(\"1\"); when(mock.forShort(anyShort())).thenReturn(\"2\"); when(mock.forByte(anyByte())).thenReturn(\"3\"); when(mock.forBoolean(anyBoolean())).thenReturn(\"4\"); when(mock.forLong(anyLong())).thenReturn(\"5\"); when(mock.forFloat(anyFloat())).thenReturn(\"6\"); when(mock.forDouble(anyDouble())).thenReturn(\"7\"); }",
        "C":"public static float anyFloat() { return reportMatcher(Any.ANY).returnZero(); }",
        "label":"F"
    },
    "99118":{
        "dataset":"Real Faults",
        "project":"Mockito",
        "bug_id":"6",
        "T":"public void shouldNotAcceptNullInAllAnyPrimitiveWrapperMatchers() { when(mock.forInteger(anyInt())).thenReturn(\"0\"); when(mock.forCharacter(anyChar())).thenReturn(\"1\"); when(mock.forShort(anyShort())).thenReturn(\"2\"); when(mock.forByte(anyByte())).thenReturn(\"3\"); when(mock.forBoolean(anyBoolean())).thenReturn(\"4\"); when(mock.forLong(anyLong())).thenReturn(\"5\"); when(mock.forFloat(anyFloat())).thenReturn(\"6\"); when(mock.forDouble(anyDouble())).thenReturn(\"7\"); }",
        "C":"public static float anyFloat() { return reportMatcher(new InstanceOf(Float.class)).returnZero(); }",
        "label":"P"
    },
    "99119":{
        "dataset":"Real Faults",
        "project":"Mockito",
        "bug_id":"6",
        "T":"public void shouldNotAcceptNullInAllAnyPrimitiveWrapperMatchers() { when(mock.forInteger(anyInt())).thenReturn(\"0\"); when(mock.forCharacter(anyChar())).thenReturn(\"1\"); when(mock.forShort(anyShort())).thenReturn(\"2\"); when(mock.forByte(anyByte())).thenReturn(\"3\"); when(mock.forBoolean(anyBoolean())).thenReturn(\"4\"); when(mock.forLong(anyLong())).thenReturn(\"5\"); when(mock.forFloat(anyFloat())).thenReturn(\"6\"); when(mock.forDouble(anyDouble())).thenReturn(\"7\"); }",
        "C":"public static double anyDouble() { return reportMatcher(Any.ANY).returnZero(); }",
        "label":"F"
    },
    "99120":{
        "dataset":"Real Faults",
        "project":"Mockito",
        "bug_id":"6",
        "T":"public void shouldNotAcceptNullInAllAnyPrimitiveWrapperMatchers() { when(mock.forInteger(anyInt())).thenReturn(\"0\"); when(mock.forCharacter(anyChar())).thenReturn(\"1\"); when(mock.forShort(anyShort())).thenReturn(\"2\"); when(mock.forByte(anyByte())).thenReturn(\"3\"); when(mock.forBoolean(anyBoolean())).thenReturn(\"4\"); when(mock.forLong(anyLong())).thenReturn(\"5\"); when(mock.forFloat(anyFloat())).thenReturn(\"6\"); when(mock.forDouble(anyDouble())).thenReturn(\"7\"); }",
        "C":"public static double anyDouble() { return reportMatcher(new InstanceOf(Double.class)).returnZero(); }",
        "label":"P"
    },
    "99121":{
        "dataset":"Real Faults",
        "project":"Mockito",
        "bug_id":"6",
        "T":"public void shouldNotAcceptNullInAllAnyPrimitiveWrapperMatchers() { when(mock.forInteger(anyInt())).thenReturn(\"0\"); when(mock.forCharacter(anyChar())).thenReturn(\"1\"); when(mock.forShort(anyShort())).thenReturn(\"2\"); when(mock.forByte(anyByte())).thenReturn(\"3\"); when(mock.forBoolean(anyBoolean())).thenReturn(\"4\"); when(mock.forLong(anyLong())).thenReturn(\"5\"); when(mock.forFloat(anyFloat())).thenReturn(\"6\"); when(mock.forDouble(anyDouble())).thenReturn(\"7\"); }",
        "C":"public static short anyShort() { return reportMatcher(Any.ANY).returnZero(); }",
        "label":"F"
    },
    "99122":{
        "dataset":"Real Faults",
        "project":"Mockito",
        "bug_id":"6",
        "T":"public void shouldNotAcceptNullInAllAnyPrimitiveWrapperMatchers() { when(mock.forInteger(anyInt())).thenReturn(\"0\"); when(mock.forCharacter(anyChar())).thenReturn(\"1\"); when(mock.forShort(anyShort())).thenReturn(\"2\"); when(mock.forByte(anyByte())).thenReturn(\"3\"); when(mock.forBoolean(anyBoolean())).thenReturn(\"4\"); when(mock.forLong(anyLong())).thenReturn(\"5\"); when(mock.forFloat(anyFloat())).thenReturn(\"6\"); when(mock.forDouble(anyDouble())).thenReturn(\"7\"); }",
        "C":"public static short anyShort() { return reportMatcher(new InstanceOf(Short.class)).returnZero(); }",
        "label":"P"
    },
    "99123":{
        "dataset":"Real Faults",
        "project":"Mockito",
        "bug_id":"6",
        "T":"public void shouldNotAcceptNullInAnyXMatchers() { when(mock.oneArg(anyObject())).thenReturn(\"0\"); when(mock.oneArg(anyString())).thenReturn(\"1\"); when(mock.forList(anyList())).thenReturn(\"2\"); when(mock.forMap(anyMap())).thenReturn(\"3\"); when(mock.forCollection(anyCollection())).thenReturn(\"4\"); when(mock.forSet(anySet())).thenReturn(\"5\"); }",
        "C":"public static List anyList() { return reportMatcher(Any.ANY).returnList(); }",
        "label":"P"
    },
    "99124":{
        "dataset":"Real Faults",
        "project":"Mockito",
        "bug_id":"6",
        "T":"public void shouldNotAcceptNullInAnyXMatchers() { when(mock.oneArg(anyObject())).thenReturn(\"0\"); when(mock.oneArg(anyString())).thenReturn(\"1\"); when(mock.forList(anyList())).thenReturn(\"2\"); when(mock.forMap(anyMap())).thenReturn(\"3\"); when(mock.forCollection(anyCollection())).thenReturn(\"4\"); when(mock.forSet(anySet())).thenReturn(\"5\"); }",
        "C":"public static <T> T anyObject() { return (T) reportMatcher(Any.ANY).returnNull(); }",
        "label":"F"
    },
    "99125":{
        "dataset":"Real Faults",
        "project":"Mockito",
        "bug_id":"6",
        "T":"public void shouldNotAcceptNullInAnyXMatchers() { when(mock.oneArg(anyObject())).thenReturn(\"0\"); when(mock.oneArg(anyString())).thenReturn(\"1\"); when(mock.forList(anyList())).thenReturn(\"2\"); when(mock.forMap(anyMap())).thenReturn(\"3\"); when(mock.forCollection(anyCollection())).thenReturn(\"4\"); when(mock.forSet(anySet())).thenReturn(\"5\"); }",
        "C":"public static <T> T anyObject() { return (T) reportMatcher(new InstanceOf(Object.class)).returnNull(); }",
        "label":"P"
    },
    "99126":{
        "dataset":"Real Faults",
        "project":"Mockito",
        "bug_id":"6",
        "T":"public void shouldNotAcceptNullInAnyXMatchers() { when(mock.oneArg(anyObject())).thenReturn(\"0\"); when(mock.oneArg(anyString())).thenReturn(\"1\"); when(mock.forList(anyList())).thenReturn(\"2\"); when(mock.forMap(anyMap())).thenReturn(\"3\"); when(mock.forCollection(anyCollection())).thenReturn(\"4\"); when(mock.forSet(anySet())).thenReturn(\"5\"); }",
        "C":"public static String anyString() { return reportMatcher(Any.ANY).returnString(); }",
        "label":"F"
    },
    "99127":{
        "dataset":"Real Faults",
        "project":"Mockito",
        "bug_id":"6",
        "T":"public void shouldNotAcceptNullInAnyXMatchers() { when(mock.oneArg(anyObject())).thenReturn(\"0\"); when(mock.oneArg(anyString())).thenReturn(\"1\"); when(mock.forList(anyList())).thenReturn(\"2\"); when(mock.forMap(anyMap())).thenReturn(\"3\"); when(mock.forCollection(anyCollection())).thenReturn(\"4\"); when(mock.forSet(anySet())).thenReturn(\"5\"); }",
        "C":"public static String anyString() { return reportMatcher(new InstanceOf(String.class)).returnString(); }",
        "label":"P"
    },
    "99128":{
        "dataset":"Real Faults",
        "project":"Mockito",
        "bug_id":"6",
        "T":"public void shouldNotAcceptNullInAnyXMatchers() { when(mock.oneArg(anyObject())).thenReturn(\"0\"); when(mock.oneArg(anyString())).thenReturn(\"1\"); when(mock.forList(anyList())).thenReturn(\"2\"); when(mock.forMap(anyMap())).thenReturn(\"3\"); when(mock.forCollection(anyCollection())).thenReturn(\"4\"); when(mock.forSet(anySet())).thenReturn(\"5\"); }",
        "C":"public static List anyList() { return reportMatcher(new InstanceOf(List.class)).returnList(); }",
        "label":"P"
    },
    "99129":{
        "dataset":"Real Faults",
        "project":"Mockito",
        "bug_id":"6",
        "T":"public void shouldNotAcceptNullInAnyXMatchers() { when(mock.oneArg(anyObject())).thenReturn(\"0\"); when(mock.oneArg(anyString())).thenReturn(\"1\"); when(mock.forList(anyList())).thenReturn(\"2\"); when(mock.forMap(anyMap())).thenReturn(\"3\"); when(mock.forCollection(anyCollection())).thenReturn(\"4\"); when(mock.forSet(anySet())).thenReturn(\"5\"); }",
        "C":"public static Set anySet() { return reportMatcher(Any.ANY).returnSet(); }",
        "label":"F"
    },
    "99130":{
        "dataset":"Real Faults",
        "project":"Mockito",
        "bug_id":"6",
        "T":"public void shouldNotAcceptNullInAnyXMatchers() { when(mock.oneArg(anyObject())).thenReturn(\"0\"); when(mock.oneArg(anyString())).thenReturn(\"1\"); when(mock.forList(anyList())).thenReturn(\"2\"); when(mock.forMap(anyMap())).thenReturn(\"3\"); when(mock.forCollection(anyCollection())).thenReturn(\"4\"); when(mock.forSet(anySet())).thenReturn(\"5\"); }",
        "C":"public static Set anySet() { return reportMatcher(new InstanceOf(Set.class)).returnSet(); }",
        "label":"P"
    },
    "99131":{
        "dataset":"Real Faults",
        "project":"Mockito",
        "bug_id":"6",
        "T":"public void shouldNotAcceptNullInAnyXMatchers() { when(mock.oneArg(anyObject())).thenReturn(\"0\"); when(mock.oneArg(anyString())).thenReturn(\"1\"); when(mock.forList(anyList())).thenReturn(\"2\"); when(mock.forMap(anyMap())).thenReturn(\"3\"); when(mock.forCollection(anyCollection())).thenReturn(\"4\"); when(mock.forSet(anySet())).thenReturn(\"5\"); }",
        "C":"public static Map anyMap() { return reportMatcher(Any.ANY).returnMap(); }",
        "label":"F"
    },
    "99132":{
        "dataset":"Real Faults",
        "project":"Mockito",
        "bug_id":"6",
        "T":"public void shouldNotAcceptNullInAnyXMatchers() { when(mock.oneArg(anyObject())).thenReturn(\"0\"); when(mock.oneArg(anyString())).thenReturn(\"1\"); when(mock.forList(anyList())).thenReturn(\"2\"); when(mock.forMap(anyMap())).thenReturn(\"3\"); when(mock.forCollection(anyCollection())).thenReturn(\"4\"); when(mock.forSet(anySet())).thenReturn(\"5\"); }",
        "C":"public static Map anyMap() { return reportMatcher(new InstanceOf(Map.class)).returnMap(); }",
        "label":"P"
    },
    "99133":{
        "dataset":"Real Faults",
        "project":"Mockito",
        "bug_id":"6",
        "T":"public void shouldNotAcceptNullInAnyXMatchers() { when(mock.oneArg(anyObject())).thenReturn(\"0\"); when(mock.oneArg(anyString())).thenReturn(\"1\"); when(mock.forList(anyList())).thenReturn(\"2\"); when(mock.forMap(anyMap())).thenReturn(\"3\"); when(mock.forCollection(anyCollection())).thenReturn(\"4\"); when(mock.forSet(anySet())).thenReturn(\"5\"); }",
        "C":"public static Collection anyCollection() { return reportMatcher(Any.ANY).returnList(); }",
        "label":"F"
    },
    "99134":{
        "dataset":"Real Faults",
        "project":"Mockito",
        "bug_id":"6",
        "T":"public void shouldNotAcceptNullInAnyXMatchers() { when(mock.oneArg(anyObject())).thenReturn(\"0\"); when(mock.oneArg(anyString())).thenReturn(\"1\"); when(mock.forList(anyList())).thenReturn(\"2\"); when(mock.forMap(anyMap())).thenReturn(\"3\"); when(mock.forCollection(anyCollection())).thenReturn(\"4\"); when(mock.forSet(anySet())).thenReturn(\"5\"); }",
        "C":"public static Collection anyCollection() { return reportMatcher(new InstanceOf(Collection.class)).returnList(); }",
        "label":"P"
    },
    "99135":{
        "dataset":"Real Faults",
        "project":"Mockito",
        "bug_id":"6",
        "T":"public void shouldAllowAnyCollection() { when(mock.forCollection(anyCollection())).thenReturn(\"matched\"); verify(mock, times(1)).forCollection(anyCollection()); }",
        "C":"public static Collection anyCollection() { return reportMatcher(Any.ANY).returnList(); }",
        "label":"F"
    },
    "99136":{
        "dataset":"Real Faults",
        "project":"Mockito",
        "bug_id":"6",
        "T":"public void shouldAllowAnyCollection() { when(mock.forCollection(anyCollection())).thenReturn(\"matched\"); verify(mock, times(1)).forCollection(anyCollection()); }",
        "C":"public static Collection anyCollection() { return reportMatcher(new InstanceOf(Collection.class)).returnList(); }",
        "label":"P"
    },
    "99137":{
        "dataset":"Real Faults",
        "project":"Mockito",
        "bug_id":"6",
        "T":"public void testCompleteProgress() throws Exception { IProgressMonitor progressMonitor = mock(IProgressMonitor.class); progressMonitor.beginTask(\"foo\", 12); progressMonitor.worked(10); progressMonitor.done(); verify(progressMonitor).beginTask(anyString(), anyInt()); verify(progressMonitor, atLeastOnce()).worked(anyInt()); }",
        "C":"public static int anyInt() { return reportMatcher(new InstanceOf(Integer.class)).returnZero(); }",
        "label":"P"
    },
    "99138":{
        "dataset":"Real Faults",
        "project":"Mockito",
        "bug_id":"6",
        "T":"public void testCompleteProgress() throws Exception { IProgressMonitor progressMonitor = mock(IProgressMonitor.class); progressMonitor.beginTask(\"foo\", 12); progressMonitor.worked(10); progressMonitor.done(); verify(progressMonitor).beginTask(anyString(), anyInt()); verify(progressMonitor, atLeastOnce()).worked(anyInt()); }",
        "C":"public static int anyInt() { return reportMatcher(Any.ANY).returnZero(); }",
        "label":"P"
    },
    "99139":{
        "dataset":"Real Faults",
        "project":"Mockito",
        "bug_id":"6",
        "T":"public void testCompleteProgress() throws Exception { IProgressMonitor progressMonitor = mock(IProgressMonitor.class); progressMonitor.beginTask(\"foo\", 12); progressMonitor.worked(10); progressMonitor.done(); verify(progressMonitor).beginTask(anyString(), anyInt()); verify(progressMonitor, atLeastOnce()).worked(anyInt()); }",
        "C":"public static String anyString() { return reportMatcher(new InstanceOf(String.class)).returnString(); }",
        "label":"P"
    },
    "99140":{
        "dataset":"Real Faults",
        "project":"Mockito",
        "bug_id":"6",
        "T":"public void testCompleteProgress() throws Exception { IProgressMonitor progressMonitor = mock(IProgressMonitor.class); progressMonitor.beginTask(\"foo\", 12); progressMonitor.worked(10); progressMonitor.done(); verify(progressMonitor).beginTask(anyString(), anyInt()); verify(progressMonitor, atLeastOnce()).worked(anyInt()); }",
        "C":"public static String anyString() { return reportMatcher(Any.ANY).returnString(); }",
        "label":"P"
    },
    "99141":{
        "dataset":"Real Faults",
        "project":"Mockito",
        "bug_id":"6",
        "T":"public void shouldAllowAnyMap() { when(mock.forMap(anyMap())).thenReturn(\"matched\"); verify(mock, times(1)).forMap(anyMap()); }",
        "C":"public static Map anyMap() { return reportMatcher(Any.ANY).returnMap(); }",
        "label":"F"
    },
    "99142":{
        "dataset":"Real Faults",
        "project":"Mockito",
        "bug_id":"6",
        "T":"public void shouldAllowAnyMap() { when(mock.forMap(anyMap())).thenReturn(\"matched\"); verify(mock, times(1)).forMap(anyMap()); }",
        "C":"public static Map anyMap() { return reportMatcher(new InstanceOf(Map.class)).returnMap(); }",
        "label":"P"
    },
    "99143":{
        "dataset":"Real Faults",
        "project":"Mockito",
        "bug_id":"6",
        "T":"public void shouldAllowAnySet() { when(mock.forSet(anySet())).thenReturn(\"matched\"); verify(mock, times(1)).forSet(anySet()); }",
        "C":"public static Set anySet() { return reportMatcher(Any.ANY).returnSet(); }",
        "label":"F"
    },
    "99144":{
        "dataset":"Real Faults",
        "project":"Mockito",
        "bug_id":"6",
        "T":"public void shouldAllowAnySet() { when(mock.forSet(anySet())).thenReturn(\"matched\"); verify(mock, times(1)).forSet(anySet()); }",
        "C":"public static Set anySet() { return reportMatcher(new InstanceOf(Set.class)).returnSet(); }",
        "label":"P"
    },
    "99145":{
        "dataset":"Real Faults",
        "project":"Mockito",
        "bug_id":"2",
        "T":"public void should_throw_friendly_reminder_exception_when_duration_is_negative() { try { new Timer(-1); } catch (FriendlyReminderException e) { } }",
        "C":"public Timer(long durationMillis) { this.durationMillis = durationMillis; }",
        "label":"F"
    },
    "99146":{
        "dataset":"Real Faults",
        "project":"Mockito",
        "bug_id":"2",
        "T":"public void should_throw_friendly_reminder_exception_when_duration_is_negative() { try { new Timer(-1); } catch (FriendlyReminderException e) { } }",
        "C":"public Timer(long durationMillis) { validateInput(durationMillis); this.durationMillis = durationMillis; }",
        "label":"P"
    },
    "99147":{
        "dataset":"Real Faults",
        "project":"Mockito",
        "bug_id":"22",
        "T":"public void shouldKnowIfObjectsAreEqual() throws Exception { int[] arr = new int[] {1, 2}; Object badequals=new BadEquals(); }",
        "C":"public static boolean areEqual(Object o1, Object o2) { if (o1 == null || o2 == null) { return o1 == null && o2 == null; } else if (isArray(o1)) { return isArray(o2) && areArraysEqual(o1, o2); } else { return o1.equals(o2); } }",
        "label":"F"
    },
    "99148":{
        "dataset":"Real Faults",
        "project":"Mockito",
        "bug_id":"22",
        "T":"public void shouldKnowIfObjectsAreEqual() throws Exception { int[] arr = new int[] {1, 2}; Object badequals=new BadEquals(); }",
        "C":"public static boolean areEqual(Object o1, Object o2) { if (o1 == o2 ) { return true; } else if (o1 == null || o2 == null) { return o1 == null && o2 == null; } else if (isArray(o1)) { return isArray(o2) && areArraysEqual(o1, o2); } else { return o1.equals(o2); } }",
        "label":"P"
    },
    "99149":{
        "dataset":"Real Faults",
        "project":"Mockito",
        "bug_id":"1",
        "T":"public void should_capture_arguments_when_args_count_does_NOT_match() throws Exception { mock.varargs(); Invocation invocation = getLastInvocation(); InvocationMatcher invocationMatcher = new InvocationMatcher(invocation, (List) asList(new LocalizedMatcher(AnyVararg.ANY_VARARG))); invocationMatcher.captureArgumentsFrom(invocation); }",
        "C":"public void captureArgumentsFrom(Invocation invocation) { if (invocation.getMethod().isVarArgs()) { int indexOfVararg = invocation.getRawArguments().length - 1; throw new UnsupportedOperationException(); } else { for (int position = 0; position < matchers.size(); position++) { Matcher m = matchers.get(position); if (m instanceof CapturesArguments) { ((CapturesArguments) m).captureFrom(invocation.getArgumentAt(position, Object.class)); } } } }",
        "label":"F"
    },
    "99150":{
        "dataset":"Real Faults",
        "project":"Mockito",
        "bug_id":"1",
        "T":"public void should_capture_arguments_when_args_count_does_NOT_match() throws Exception { mock.varargs(); Invocation invocation = getLastInvocation(); InvocationMatcher invocationMatcher = new InvocationMatcher(invocation, (List) asList(new LocalizedMatcher(AnyVararg.ANY_VARARG))); invocationMatcher.captureArgumentsFrom(invocation); }",
        "C":"public void captureArgumentsFrom(Invocation invocation) { if (invocation.getMethod().isVarArgs()) { int indexOfVararg = invocation.getRawArguments().length - 1; for (int position = 0; position < indexOfVararg; position++) { Matcher m = matchers.get(position); if (m instanceof CapturesArguments) { ((CapturesArguments) m).captureFrom(invocation.getArgumentAt(position, Object.class)); } } for (int position = indexOfVararg; position < matchers.size(); position++) { Matcher m = matchers.get(position); if (m instanceof CapturesArguments) { ((CapturesArguments) m).captureFrom(invocation.getRawArguments()[position - indexOfVararg]); } } } else { for (int position = 0; position < matchers.size(); position++) { Matcher m = matchers.get(position); if (m instanceof CapturesArguments) { ((CapturesArguments) m).captureFrom(invocation.getArgumentAt(position, Object.class)); } } } }",
        "label":"P"
    },
    "99151":{
        "dataset":"Real Faults",
        "project":"Mockito",
        "bug_id":"21",
        "T":"@Test public void creates_instances_of_inner_classes() { }",
        "C":"public <T> T newInstance(Class<T> cls) { if (outerClassInstance == null) { return noArgConstructor(cls); } return withOuterClass(cls); }",
        "label":"F"
    },
    "99152":{
        "dataset":"Real Faults",
        "project":"Mockito",
        "bug_id":"21",
        "T":"@Test public void creates_instances_of_inner_classes() { }",
        "C":"public <T> T newInstance(Class<T> cls) { if (outerClassInstance == null) { return noArgConstructor(cls); } return withParams(cls, outerClassInstance); }",
        "label":"P"
    },
    "99153":{
        "dataset":"Real Faults",
        "project":"Mockito",
        "bug_id":"34",
        "T":"public void shouldMatchCaptureArgumentsWhenArgsCountDoesNOTMatch() throws Exception { mock.varargs(); Invocation invocation = getLastInvocation(); InvocationMatcher invocationMatcher = new InvocationMatcher(invocation, (List) asList(new LocalizedMatcher(AnyVararg.ANY_VARARG))); invocationMatcher.captureArgumentsFrom(invocation); }",
        "C":"public void captureArgumentsFrom(Invocation i) { int k = 0; for (Matcher m : matchers) { if (m instanceof CapturesArguments) { ((CapturesArguments) m).captureFrom(i.getArguments()[k]); } k++; } }",
        "label":"F"
    },
    "99154":{
        "dataset":"Real Faults",
        "project":"Mockito",
        "bug_id":"34",
        "T":"public void shouldMatchCaptureArgumentsWhenArgsCountDoesNOTMatch() throws Exception { mock.varargs(); Invocation invocation = getLastInvocation(); InvocationMatcher invocationMatcher = new InvocationMatcher(invocation, (List) asList(new LocalizedMatcher(AnyVararg.ANY_VARARG))); invocationMatcher.captureArgumentsFrom(invocation); }",
        "C":"public void captureArgumentsFrom(Invocation i) { int k = 0; for (Matcher m : matchers) { if (m instanceof CapturesArguments && i.getArguments().length > k) { ((CapturesArguments) m).captureFrom(i.getArguments()[k]); } k++; } }",
        "label":"P"
    },
    "99155":{
        "dataset":"Real Faults",
        "project":"Mockito",
        "bug_id":"12",
        "T":"public void shouldDealWithNestedGenerics() throws Exception { }",
        "C":"public Class getGenericType(Field field) { Type generic = field.getGenericType(); if (generic != null && generic instanceof ParameterizedType) { Type actual = ((ParameterizedType) generic).getActualTypeArguments()[0]; return (Class) actual; } return Object.class; }",
        "label":"F"
    },
    "99156":{
        "dataset":"Real Faults",
        "project":"Mockito",
        "bug_id":"12",
        "T":"public void shouldDealWithNestedGenerics() throws Exception { }",
        "C":"public Class getGenericType(Field field) { Type generic = field.getGenericType(); if (generic != null && generic instanceof ParameterizedType) { Type actual = ((ParameterizedType) generic).getActualTypeArguments()[0]; if (actual instanceof Class) { return (Class) actual; } else if (actual instanceof ParameterizedType) { return (Class) ((ParameterizedType) actual).getRawType(); } } return Object.class; }",
        "label":"P"
    },
    "99157":{
        "dataset":"Real Faults",
        "project":"Mockito",
        "bug_id":"11",
        "T":"public void testGetInvocations() { List<String> methodsInvoked = new ArrayList<String>() {{ add(\"add\"); add(\"remove\"); add(\"clear\"); }}; List<String> mockedList = (List<String>) mock(List.class); mockedList.add(\"one\"); mockedList.remove(0); mockedList.clear(); MockingDetails mockingDetails = new MockitoCore().mockingDetails(mockedList); Collection<Invocation> invocations = mockingDetails.getInvocations(); for (Invocation method : invocations) { if (method.getMethod().getName().equals(\"add\")) { } } }",
        "C":"public boolean equals(Object o) { if (this == o) { return true; } if (o instanceof DelegatingMethod) { DelegatingMethod that = (DelegatingMethod) o; return method.equals(that.method); } else { return method.equals(o); } }",
        "label":"P"
    },
    "99158":{
        "dataset":"Real Faults",
        "project":"Mockito",
        "bug_id":"11",
        "T":"public void testGetInvocations() { List<String> methodsInvoked = new ArrayList<String>() {{ add(\"add\"); add(\"remove\"); add(\"clear\"); }}; List<String> mockedList = (List<String>) mock(List.class); mockedList.add(\"one\"); mockedList.remove(0); mockedList.clear(); MockingDetails mockingDetails = new MockitoCore().mockingDetails(mockedList); Collection<Invocation> invocations = mockingDetails.getInvocations(); for (Invocation method : invocations) { if (method.getMethod().getName().equals(\"add\")) { } } }",
        "C":"public boolean equals(Object o) { return method.equals(o); }",
        "label":"P"
    },
    "99159":{
        "dataset":"Real Faults",
        "project":"Mockito",
        "bug_id":"11",
        "T":"public void equals_should_return_true_when_self() throws Exception { }",
        "C":"public boolean equals(Object o) { return method.equals(o); }",
        "label":"F"
    },
    "99160":{
        "dataset":"Real Faults",
        "project":"Mockito",
        "bug_id":"11",
        "T":"public void equals_should_return_true_when_self() throws Exception { }",
        "C":"public boolean equals(Object o) { if (this == o) { return true; } if (o instanceof DelegatingMethod) { DelegatingMethod that = (DelegatingMethod) o; return method.equals(that.method); } else { return method.equals(o); } }",
        "label":"P"
    },
    "99161":{
        "dataset":"Real Faults",
        "project":"Mockito",
        "bug_id":"11",
        "T":"public void equals_should_return_true_when_equal() throws Exception { DelegatingMethod equal = new DelegatingMethod(someMethod); }",
        "C":"public boolean equals(Object o) { return method.equals(o); }",
        "label":"F"
    },
    "99162":{
        "dataset":"Real Faults",
        "project":"Mockito",
        "bug_id":"11",
        "T":"public void equals_should_return_true_when_equal() throws Exception { DelegatingMethod equal = new DelegatingMethod(someMethod); }",
        "C":"public boolean equals(Object o) { if (this == o) { return true; } if (o instanceof DelegatingMethod) { DelegatingMethod that = (DelegatingMethod) o; return method.equals(that.method); } else { return method.equals(o); } }",
        "label":"P"
    },
    "99163":{
        "dataset":"Real Faults",
        "project":"Mockito",
        "bug_id":"35",
        "T":"public void shouldNotThrowNPEWhenIntPassed() { mock.intArgumentMethod(100); verify(mock).intArgumentMethod(isA(Integer.class)); }",
        "C":"public static <T> T isA(Class<T> clazz) { return reportMatcher(new InstanceOf(clazz)).<T>returnNull(); }",
        "label":"F"
    },
    "99164":{
        "dataset":"Real Faults",
        "project":"Mockito",
        "bug_id":"35",
        "T":"public void shouldNotThrowNPEWhenIntPassed() { mock.intArgumentMethod(100); verify(mock).intArgumentMethod(isA(Integer.class)); }",
        "C":"public static <T> T isA(Class<T> clazz) { return reportMatcher(new InstanceOf(clazz)).<T>returnFor(clazz); }",
        "label":"P"
    },
    "99165":{
        "dataset":"Real Faults",
        "project":"Mockito",
        "bug_id":"35",
        "T":"public void shouldNotThrowNPEWhenIntegerPassedToEq() { mock.intArgumentMethod(100); verify(mock).intArgumentMethod(eq(new Integer(100))); }",
        "C":"public static <T> T eq(T value) { return reportMatcher(new Equals(value)).<T>returnNull(); }",
        "label":"F"
    },
    "99166":{
        "dataset":"Real Faults",
        "project":"Mockito",
        "bug_id":"35",
        "T":"public void shouldNotThrowNPEWhenIntegerPassedToEq() { mock.intArgumentMethod(100); verify(mock).intArgumentMethod(eq(new Integer(100))); }",
        "C":"public static <T> T eq(T value) { return (T) reportMatcher(new Equals(value)).<T>returnFor((Class) value.getClass()); }",
        "label":"P"
    },
    "99167":{
        "dataset":"Real Faults",
        "project":"Mockito",
        "bug_id":"35",
        "T":"public void shouldNotThrowNPEWhenIntegerPassedToSame() { mock.intArgumentMethod(100); verify(mock, never()).intArgumentMethod(same(new Integer(100))); }",
        "C":"public static <T> T same(T value) { return reportMatcher(new Same(value)).<T>returnNull(); }",
        "label":"F"
    },
    "99168":{
        "dataset":"Real Faults",
        "project":"Mockito",
        "bug_id":"35",
        "T":"public void shouldNotThrowNPEWhenIntegerPassedToSame() { mock.intArgumentMethod(100); verify(mock, never()).intArgumentMethod(same(new Integer(100))); }",
        "C":"public static <T> T same(T value) { return (T) reportMatcher(new Same(value)).<T>returnFor((Class) value.getClass()); }",
        "label":"P"
    },
    "99169":{
        "dataset":"Real Faults",
        "project":"Mockito",
        "bug_id":"35",
        "T":"public void shouldNotThrowNPEWhenIntegerPassed() { mock.intArgumentMethod(100); verify(mock).intArgumentMethod(isA(Integer.class)); }",
        "C":"public static <T> T isA(Class<T> clazz) { return reportMatcher(new InstanceOf(clazz)).<T>returnNull(); }",
        "label":"F"
    },
    "99170":{
        "dataset":"Real Faults",
        "project":"Mockito",
        "bug_id":"35",
        "T":"public void shouldNotThrowNPEWhenIntegerPassed() { mock.intArgumentMethod(100); verify(mock).intArgumentMethod(isA(Integer.class)); }",
        "C":"public static <T> T isA(Class<T> clazz) { return reportMatcher(new InstanceOf(clazz)).<T>returnFor(clazz); }",
        "label":"P"
    },
    "99171":{
        "dataset":"Real Faults",
        "project":"Mockito",
        "bug_id":"3",
        "T":"public void should_capture_varargs_as_vararg() throws Exception { mock.mixedVarargs(1, \"a\", \"b\"); Invocation invocation = getLastInvocation(); CapturingMatcher m = new CapturingMatcher(); InvocationMatcher invocationMatcher = new InvocationMatcher(invocation, (List) asList(new Equals(1), new LocalizedMatcher(m))); invocationMatcher.captureArgumentsFrom(invocation); }",
        "C":"public void captureArgumentsFrom(Invocation invocation) { if (invocation.getMethod().isVarArgs()) { int indexOfVararg = invocation.getRawArguments().length - 1; for (int position = 0; position < indexOfVararg; position++) { Matcher m = matchers.get(position); if (m instanceof CapturesArguments) { ((CapturesArguments) m).captureFrom(invocation.getArgumentAt(position, Object.class)); } } for (int position = indexOfVararg; position < matchers.size(); position++) { Matcher m = matchers.get(position); if (m instanceof CapturesArguments) { ((CapturesArguments) m).captureFrom(invocation.getRawArguments()[position - indexOfVararg]); } } } else { for (int position = 0; position < matchers.size(); position++) { Matcher m = matchers.get(position); if (m instanceof CapturesArguments) { ((CapturesArguments) m).captureFrom(invocation.getArgumentAt(position, Object.class)); } } } }",
        "label":"F"
    },
    "99172":{
        "dataset":"Real Faults",
        "project":"Mockito",
        "bug_id":"3",
        "T":"public void should_capture_varargs_as_vararg() throws Exception { mock.mixedVarargs(1, \"a\", \"b\"); Invocation invocation = getLastInvocation(); CapturingMatcher m = new CapturingMatcher(); InvocationMatcher invocationMatcher = new InvocationMatcher(invocation, (List) asList(new Equals(1), new LocalizedMatcher(m))); invocationMatcher.captureArgumentsFrom(invocation); }",
        "C":"public void captureArgumentsFrom(Invocation invocation) { if (invocation.getMethod().isVarArgs()) { int indexOfVararg = invocation.getRawArguments().length - 1; for (int position = 0; position < indexOfVararg; position++) { Matcher m = matchers.get(position); if (m instanceof CapturesArguments) { ((CapturesArguments) m).captureFrom(invocation.getArgumentAt(position, Object.class)); } } for (Matcher m : uniqueMatcherSet(indexOfVararg)) { if (m instanceof CapturesArguments) { Object rawArgument = invocation.getRawArguments()[indexOfVararg]; for (int i = 0; i < Array.getLength(rawArgument); i++) { ((CapturesArguments) m).captureFrom(Array.get(rawArgument, i)); } } } } else { for (int position = 0; position < matchers.size(); position++) { Matcher m = matchers.get(position); if (m instanceof CapturesArguments) { ((CapturesArguments) m).captureFrom(invocation.getArgumentAt(position, Object.class)); } } } }",
        "label":"P"
    },
    "99173":{
        "dataset":"Real Faults",
        "project":"Mockito",
        "bug_id":"4",
        "T":"public void can_use_mock_name_even_when_mock_bogus_default_answer_and_when_reporting_no_more_interaction_wanted() throws Exception { Invocation invocation_with_bogus_default_answer = new InvocationBuilder().mock(mock(IMethods.class, new Returns(false))).toInvocation(); new Reporter().noMoreInteractionsWanted(invocation_with_bogus_default_answer, Collections.<VerificationAwareInvocation>emptyList()); }",
        "C":"public void noMoreInteractionsWanted(Invocation undesired, List<VerificationAwareInvocation> invocations) { ScenarioPrinter scenarioPrinter = new ScenarioPrinter(); String scenario = scenarioPrinter.print(invocations); throw new NoInteractionsWanted(join( \"No interactions wanted here:\", new LocationImpl(), \"But found this interaction on mock '\" + undesired.getMock() + \"':\", undesired.getLocation(), scenario )); }",
        "label":"F"
    },
    "99174":{
        "dataset":"Real Faults",
        "project":"Mockito",
        "bug_id":"4",
        "T":"public void can_use_mock_name_even_when_mock_bogus_default_answer_and_when_reporting_no_more_interaction_wanted() throws Exception { Invocation invocation_with_bogus_default_answer = new InvocationBuilder().mock(mock(IMethods.class, new Returns(false))).toInvocation(); new Reporter().noMoreInteractionsWanted(invocation_with_bogus_default_answer, Collections.<VerificationAwareInvocation>emptyList()); }",
        "C":"public void noMoreInteractionsWanted(Invocation undesired, List<VerificationAwareInvocation> invocations) { ScenarioPrinter scenarioPrinter = new ScenarioPrinter(); String scenario = scenarioPrinter.print(invocations); throw new NoInteractionsWanted(join( \"No interactions wanted here:\", new LocationImpl(), \"But found this interaction on mock '\" + safelyGetMockName(undesired.getMock()) + \"':\", undesired.getLocation(), scenario )); }",
        "label":"P"
    },
    "99175":{
        "dataset":"Real Faults",
        "project":"Mockito",
        "bug_id":"4",
        "T":"public void can_use_print_mock_name_even_when_mock_bogus_default_answer_and_when_reporting_no_more_interaction_wanted_in_order() throws Exception { Invocation invocation_with_bogus_default_answer = new InvocationBuilder().mock(mock(IMethods.class, new Returns(false))).toInvocation(); new Reporter().noMoreInteractionsWantedInOrder(invocation_with_bogus_default_answer); }",
        "C":"public void noMoreInteractionsWantedInOrder(Invocation undesired) { throw new VerificationInOrderFailure(join( \"No interactions wanted here:\", new LocationImpl(), \"But found this interaction on mock '\" + undesired.getMock() + \"':\", undesired.getLocation() )); }",
        "label":"F"
    },
    "99176":{
        "dataset":"Real Faults",
        "project":"Mockito",
        "bug_id":"4",
        "T":"public void can_use_print_mock_name_even_when_mock_bogus_default_answer_and_when_reporting_no_more_interaction_wanted_in_order() throws Exception { Invocation invocation_with_bogus_default_answer = new InvocationBuilder().mock(mock(IMethods.class, new Returns(false))).toInvocation(); new Reporter().noMoreInteractionsWantedInOrder(invocation_with_bogus_default_answer); }",
        "C":"public void noMoreInteractionsWantedInOrder(Invocation undesired) { throw new VerificationInOrderFailure(join( \"No interactions wanted here:\", new LocationImpl(), \"But found this interaction on mock '\" + safelyGetMockName(undesired.getMock()) + \"':\", undesired.getLocation() )); }",
        "label":"P"
    },
    "99177":{
        "dataset":"Real Faults",
        "project":"Mockito",
        "bug_id":"37",
        "T":"public void shouldFailWhenCallingRealMethodOnIterface() throws Throwable { Invocation inovcationOnIterface = new InvocationBuilder().method(\"simpleMethod\").toInvocation(); try { validator.validate(new CallsRealMethods(), inovcationOnIterface); fail(); } catch (MockitoException e) {} }",
        "C":"public void validate(Answer<?> answer, Invocation invocation) { if (answer instanceof ThrowsException) { validateException((ThrowsException) answer, invocation); } if (answer instanceof Returns) { validateReturnValue((Returns) answer, invocation); } if (answer instanceof DoesNothing) { validateDoNothing((DoesNothing) answer, invocation); } }",
        "label":"F"
    },
    "99178":{
        "dataset":"Real Faults",
        "project":"Mockito",
        "bug_id":"37",
        "T":"public void shouldFailWhenCallingRealMethodOnIterface() throws Throwable { Invocation inovcationOnIterface = new InvocationBuilder().method(\"simpleMethod\").toInvocation(); try { validator.validate(new CallsRealMethods(), inovcationOnIterface); fail(); } catch (MockitoException e) {} }",
        "C":"public void validate(Answer<?> answer, Invocation invocation) { if (answer instanceof ThrowsException) { validateException((ThrowsException) answer, invocation); } if (answer instanceof Returns) { validateReturnValue((Returns) answer, invocation); } if (answer instanceof DoesNothing) { validateDoNothing((DoesNothing) answer, invocation); } if (answer instanceof CallsRealMethods) { validateMockingConcreteClass((CallsRealMethods) answer, invocation); } }",
        "label":"P"
    },
    "99179":{
        "dataset":"Real Faults",
        "project":"Mockito",
        "bug_id":"36",
        "T":"public void shouldScreamWhenCallingRealMethodOnInterface() throws Throwable { Invocation invocationOnInterface = new InvocationBuilder().toInvocation(); try { invocationOnInterface.callRealMethod(); fail(); } catch(MockitoException e) {} }",
        "C":"public Object callRealMethod() throws Throwable { return realMethod.invoke(mock, rawArguments); }",
        "label":"F"
    },
    "99180":{
        "dataset":"Real Faults",
        "project":"Mockito",
        "bug_id":"36",
        "T":"public void shouldScreamWhenCallingRealMethodOnInterface() throws Throwable { Invocation invocationOnInterface = new InvocationBuilder().toInvocation(); try { invocationOnInterface.callRealMethod(); fail(); } catch(MockitoException e) {} }",
        "C":"public Object callRealMethod() throws Throwable { if (this.getMethod().getDeclaringClass().isInterface()) { new Reporter().cannotCallRealMethodOnInterface(); } return realMethod.invoke(mock, rawArguments); }",
        "label":"P"
    },
    "99181":{
        "dataset":"Real Faults",
        "project":"Mockito",
        "bug_id":"36",
        "T":"public void shouldFailInRuntimeWhenCallingRealMethodOnInterface() throws Exception { List list = mock(List.class); when(list.get(0)).thenAnswer( new Answer() { public Object answer(InvocationOnMock invocation) throws Throwable { return invocation.callRealMethod(); } } ); try { list.get(0); fail(); } catch (MockitoException e) {} }",
        "C":"public Object callRealMethod() throws Throwable { return realMethod.invoke(mock, rawArguments); }",
        "label":"F"
    },
    "99182":{
        "dataset":"Real Faults",
        "project":"Mockito",
        "bug_id":"36",
        "T":"public void shouldFailInRuntimeWhenCallingRealMethodOnInterface() throws Exception { List list = mock(List.class); when(list.get(0)).thenAnswer( new Answer() { public Object answer(InvocationOnMock invocation) throws Throwable { return invocation.callRealMethod(); } } ); try { list.get(0); fail(); } catch (MockitoException e) {} }",
        "C":"public Object callRealMethod() throws Throwable { if (this.getMethod().getDeclaringClass().isInterface()) { new Reporter().cannotCallRealMethodOnInterface(); } return realMethod.invoke(mock, rawArguments); }",
        "label":"P"
    },
    "99183":{
        "dataset":"Real Faults",
        "project":"Mockito",
        "bug_id":"24",
        "T":"@Test public void should_return_zero_if_mock_is_compared_to_itself() { Date d = mock(Date.class); d.compareTo(d); Invocation compareTo = this.getLastInvocation(); Object result = values.answer(compareTo); }",
        "C":"public Object answer(InvocationOnMock invocation) { if (methodsGuru.isToString(invocation.getMethod())) { Object mock = invocation.getMock(); MockName name = mockUtil.getMockName(mock); if (name.isDefault()) { return \"Mock for \" + mockUtil.getMockSettings(mock).getTypeToMock().getSimpleName() + \", hashCode: \" + mock.hashCode(); } else { return name.toString(); } } else if (methodsGuru.isCompareToMethod(invocation.getMethod())) { return 1; } Class<?> returnType = invocation.getMethod().getReturnType(); return returnValueFor(returnType); }",
        "label":"F"
    },
    "99184":{
        "dataset":"Real Faults",
        "project":"Mockito",
        "bug_id":"24",
        "T":"@Test public void should_return_zero_if_mock_is_compared_to_itself() { Date d = mock(Date.class); d.compareTo(d); Invocation compareTo = this.getLastInvocation(); Object result = values.answer(compareTo); }",
        "C":"public Object answer(InvocationOnMock invocation) { if (methodsGuru.isToString(invocation.getMethod())) { Object mock = invocation.getMock(); MockName name = mockUtil.getMockName(mock); if (name.isDefault()) { return \"Mock for \" + mockUtil.getMockSettings(mock).getTypeToMock().getSimpleName() + \", hashCode: \" + mock.hashCode(); } else { return name.toString(); } } else if (methodsGuru.isCompareToMethod(invocation.getMethod())) { return invocation.getMock() == invocation.getArguments()[0] ? 0 : 1; } Class<?> returnType = invocation.getMethod().getReturnType(); return returnValueFor(returnType); }",
        "label":"P"
    },
    "99185":{
        "dataset":"Real Faults",
        "project":"Mockito",
        "bug_id":"14",
        "T":"public void testNormalUsage() { MockitoAnnotations.initMocks(this); String argForFinalCaptor = \"Hello\"; ArrayList<List<String>> argForGenericsCaptor = new ArrayList<List<String>>(); mockInterface.testMe(argForFinalCaptor, argForGenericsCaptor); Mockito.verify(mockInterface).testMe(finalCaptor.capture(), genericsCaptor.capture()); }",
        "C":"public <T> T verify(T mock, VerificationMode mode) { if (mock == null) { reporter.nullPassedToVerify(); } else if (!mockUtil.isMock(mock)) { reporter.notAMockPassedToVerify(); } mockingProgress.verificationStarted(new MockAwareVerificationMode(mock, mode)); return mock; }",
        "label":"P"
    },
    "99186":{
        "dataset":"Real Faults",
        "project":"Mockito",
        "bug_id":"14",
        "T":"public void testNormalUsage() { MockitoAnnotations.initMocks(this); String argForFinalCaptor = \"Hello\"; ArrayList<List<String>> argForGenericsCaptor = new ArrayList<List<String>>(); mockInterface.testMe(argForFinalCaptor, argForGenericsCaptor); Mockito.verify(mockInterface).testMe(finalCaptor.capture(), genericsCaptor.capture()); }",
        "C":"public <T> T verify(T mock, VerificationMode mode) { if (mock == null) { reporter.nullPassedToVerify(); } else if (!mockUtil.isMock(mock)) { reporter.notAMockPassedToVerify(); } mockingProgress.verificationStarted(mode); return mock; }",
        "label":"P"
    },
    "99187":{
        "dataset":"Real Faults",
        "project":"Mockito",
        "bug_id":"14",
        "T":"public void shouldAllowVerifyingWhenOtherMockCallIsInTheSameLine() { when(mock.otherMethod()).thenReturn(\"foo\"); mockTwo.simpleMethod(\"foo\"); verify(mockTwo).simpleMethod(mock.otherMethod()); }",
        "C":"public <T> T verify(T mock, VerificationMode mode) { if (mock == null) { reporter.nullPassedToVerify(); } else if (!mockUtil.isMock(mock)) { reporter.notAMockPassedToVerify(); } mockingProgress.verificationStarted(mode); return mock; }",
        "label":"F"
    },
    "99188":{
        "dataset":"Real Faults",
        "project":"Mockito",
        "bug_id":"14",
        "T":"public void shouldAllowVerifyingWhenOtherMockCallIsInTheSameLine() { when(mock.otherMethod()).thenReturn(\"foo\"); mockTwo.simpleMethod(\"foo\"); verify(mockTwo).simpleMethod(mock.otherMethod()); }",
        "C":"public <T> T verify(T mock, VerificationMode mode) { if (mock == null) { reporter.nullPassedToVerify(); } else if (!mockUtil.isMock(mock)) { reporter.notAMockPassedToVerify(); } mockingProgress.verificationStarted(new MockAwareVerificationMode(mock, mode)); return mock; }",
        "label":"P"
    },
    "99189":{
        "dataset":"Real Faults",
        "project":"Mockito",
        "bug_id":"14",
        "T":"public void testCompleteProgress() throws Exception { IProgressMonitor progressMonitor = mock(IProgressMonitor.class); progressMonitor.beginTask(\"foo\", 12); progressMonitor.worked(10); progressMonitor.done(); verify(progressMonitor).beginTask(anyString(), anyInt()); verify(progressMonitor, atLeastOnce()).worked(anyInt()); }",
        "C":"public <T> T verify(T mock, VerificationMode mode) { if (mock == null) { reporter.nullPassedToVerify(); } else if (!mockUtil.isMock(mock)) { reporter.notAMockPassedToVerify(); } mockingProgress.verificationStarted(new MockAwareVerificationMode(mock, mode)); return mock; }",
        "label":"P"
    },
    "99190":{
        "dataset":"Real Faults",
        "project":"Mockito",
        "bug_id":"14",
        "T":"public void testCompleteProgress() throws Exception { IProgressMonitor progressMonitor = mock(IProgressMonitor.class); progressMonitor.beginTask(\"foo\", 12); progressMonitor.worked(10); progressMonitor.done(); verify(progressMonitor).beginTask(anyString(), anyInt()); verify(progressMonitor, atLeastOnce()).worked(anyInt()); }",
        "C":"public <T> T verify(T mock, VerificationMode mode) { if (mock == null) { reporter.nullPassedToVerify(); } else if (!mockUtil.isMock(mock)) { reporter.notAMockPassedToVerify(); } mockingProgress.verificationStarted(mode); return mock; }",
        "label":"P"
    },
    "99191":{
        "dataset":"Real Faults",
        "project":"Mockito",
        "bug_id":"17",
        "T":"public void shouldBeSerializeAndHaveExtraInterfaces() throws Exception { IMethods mock = mock(IMethods.class, withSettings().serializable().extraInterfaces(List.class)); IMethods mockTwo = mock(IMethods.class, withSettings().extraInterfaces(List.class).serializable()); serializeAndBack((List) mock); serializeAndBack((List) mockTwo); }",
        "C":"public MockSettings serializable() { return this.extraInterfaces(java.io.Serializable.class); }",
        "label":"F"
    },
    "99192":{
        "dataset":"Real Faults",
        "project":"Mockito",
        "bug_id":"17",
        "T":"public void shouldBeSerializeAndHaveExtraInterfaces() throws Exception { IMethods mock = mock(IMethods.class, withSettings().serializable().extraInterfaces(List.class)); IMethods mockTwo = mock(IMethods.class, withSettings().extraInterfaces(List.class).serializable()); serializeAndBack((List) mock); serializeAndBack((List) mockTwo); }",
        "C":"public MockSettings serializable() { this.serializable = true; return this; }",
        "label":"P"
    },
    "99193":{
        "dataset":"Real Faults",
        "project":"Mockito",
        "bug_id":"12",
        "T":"public void test1() throws Throwable { if (debug) System.out.format(\"%n%s%n\", \"RegressionTest0.test1\"); org.mockito.internal.util.reflection.GenericMaster genericMaster0 = new org.mockito.internal.util.reflection.GenericMaster(); java.lang.reflect.Field field1 = null; try { java.lang.Class class2 = genericMaster0.getGenericType(field1); } catch (java.lang.NullPointerException e) { } }",
        "C":"public Class getGenericType(Field field) { Type generic = field.getGenericType(); if (generic != null && generic instanceof ParameterizedType) { Type actual = ((ParameterizedType) generic).getActualTypeArguments()[0]; if (actual instanceof Class) { return (Class) actual; } else if (actual instanceof ParameterizedType) { return (Class) ((ParameterizedType) actual).getRawType(); } } return Object.class; }",
        "label":"P"
    },
    "99194":{
        "dataset":"Real Faults",
        "project":"Mockito",
        "bug_id":"12",
        "T":"public void test1() throws Throwable { if (debug) System.out.format(\"%n%s%n\", \"RegressionTest0.test1\"); org.mockito.internal.util.reflection.GenericMaster genericMaster0 = new org.mockito.internal.util.reflection.GenericMaster(); java.lang.reflect.Field field1 = null; try { java.lang.Class class2 = genericMaster0.getGenericType(field1); } catch (java.lang.NullPointerException e) { } }",
        "C":"public Class getGenericType(Field field) { Type generic = field.getGenericType(); if (generic != null && generic instanceof ParameterizedType) { Type actual = ((ParameterizedType) generic).getActualTypeArguments()[0]; return (Class) actual; } return Object.class; }",
        "label":"P"
    },
    "99195":{
        "dataset":"Real Faults",
        "project":"Mockito",
        "bug_id":"8",
        "T":"public void test120() throws Throwable { if (debug) System.out.format(\"%n%s%n\", \"RegressionTest0.test120\"); org.mockito.exceptions.base.MockitoException mockitoException1 = new org.mockito.exceptions.base.MockitoException(\"\"); java.lang.Throwable[] throwableArray2 = mockitoException1.getSuppressed(); java.lang.StackTraceElement[] stackTraceElementArray3 = mockitoException1.getUnfilteredStackTrace(); java.lang.StackTraceElement[] stackTraceElementArray4 = mockitoException1.getUnfilteredStackTrace(); java.lang.Class<?> wildcardClass5 = mockitoException1.getClass(); org.mockito.internal.util.reflection.GenericMetadataSupport genericMetadataSupport6 = org.mockito.internal.util.reflection.GenericMetadataSupport.inferFrom((java.lang.reflect.Type) wildcardClass5); java.lang.reflect.WildcardType wildcardType7 = null; org.mockito.internal.util.reflection.GenericMetadataSupport.WildCardBoundedType wildCardBoundedType8 = new org.mockito.internal.util.reflection.GenericMetadataSupport.WildCardBoundedType(wildcardType7); org.mockito.exceptions.base.MockitoException mockitoException10 = new org.mockito.exceptions.base.MockitoException(\"\"); boolean boolean11 = wildCardBoundedType8.equals((java.lang.Object) mockitoException10); java.lang.reflect.WildcardType wildcardType12 = wildCardBoundedType8.wildCard(); java.lang.reflect.Type[] typeArray13 = wildCardBoundedType8.interfaceBounds(); java.lang.reflect.WildcardType wildcardType14 = wildCardBoundedType8.wildCard(); genericMetadataSupport6.registerTypeVariablesOn((java.lang.reflect.Type) wildCardBoundedType8); try { java.lang.String str16 = wildCardBoundedType8.getTypeName(); } catch (java.lang.NullPointerException e) { } }",
        "C":"protected void registerTypeVariablesOn(Type classType) { if (!(classType instanceof ParameterizedType)) { return; } ParameterizedType parameterizedType = (ParameterizedType) classType; TypeVariable[] typeParameters = ((Class<?>) parameterizedType.getRawType()).getTypeParameters(); Type[] actualTypeArguments = parameterizedType.getActualTypeArguments(); for (int i = 0; i < actualTypeArguments.length; i++) { TypeVariable typeParameter = typeParameters[i]; Type actualTypeArgument = actualTypeArguments[i]; if (actualTypeArgument instanceof WildcardType) { contextualActualTypeParameters.put(typeParameter, boundsOf((WildcardType) actualTypeArgument)); } else if (typeParameter != actualTypeArgument) { contextualActualTypeParameters.put(typeParameter, actualTypeArgument); } } }",
        "label":"P"
    },
    "99196":{
        "dataset":"Real Faults",
        "project":"Mockito",
        "bug_id":"8",
        "T":"public void test120() throws Throwable { if (debug) System.out.format(\"%n%s%n\", \"RegressionTest0.test120\"); org.mockito.exceptions.base.MockitoException mockitoException1 = new org.mockito.exceptions.base.MockitoException(\"\"); java.lang.Throwable[] throwableArray2 = mockitoException1.getSuppressed(); java.lang.StackTraceElement[] stackTraceElementArray3 = mockitoException1.getUnfilteredStackTrace(); java.lang.StackTraceElement[] stackTraceElementArray4 = mockitoException1.getUnfilteredStackTrace(); java.lang.Class<?> wildcardClass5 = mockitoException1.getClass(); org.mockito.internal.util.reflection.GenericMetadataSupport genericMetadataSupport6 = org.mockito.internal.util.reflection.GenericMetadataSupport.inferFrom((java.lang.reflect.Type) wildcardClass5); java.lang.reflect.WildcardType wildcardType7 = null; org.mockito.internal.util.reflection.GenericMetadataSupport.WildCardBoundedType wildCardBoundedType8 = new org.mockito.internal.util.reflection.GenericMetadataSupport.WildCardBoundedType(wildcardType7); org.mockito.exceptions.base.MockitoException mockitoException10 = new org.mockito.exceptions.base.MockitoException(\"\"); boolean boolean11 = wildCardBoundedType8.equals((java.lang.Object) mockitoException10); java.lang.reflect.WildcardType wildcardType12 = wildCardBoundedType8.wildCard(); java.lang.reflect.Type[] typeArray13 = wildCardBoundedType8.interfaceBounds(); java.lang.reflect.WildcardType wildcardType14 = wildCardBoundedType8.wildCard(); genericMetadataSupport6.registerTypeVariablesOn((java.lang.reflect.Type) wildCardBoundedType8); try { java.lang.String str16 = wildCardBoundedType8.getTypeName(); } catch (java.lang.NullPointerException e) { } }",
        "C":"protected void registerTypeVariablesOn(Type classType) { if (!(classType instanceof ParameterizedType)) { return; } ParameterizedType parameterizedType = (ParameterizedType) classType; TypeVariable[] typeParameters = ((Class<?>) parameterizedType.getRawType()).getTypeParameters(); Type[] actualTypeArguments = parameterizedType.getActualTypeArguments(); for (int i = 0; i < actualTypeArguments.length; i++) { TypeVariable typeParameter = typeParameters[i]; Type actualTypeArgument = actualTypeArguments[i]; if (actualTypeArgument instanceof WildcardType) { contextualActualTypeParameters.put(typeParameter, boundsOf((WildcardType) actualTypeArgument)); } else { contextualActualTypeParameters.put(typeParameter, actualTypeArgument); } } }",
        "label":"P"
    },
    "99197":{
        "dataset":"Real Faults",
        "project":"Mockito",
        "bug_id":"18",
        "T":"public void test58() throws Throwable { if (debug) System.out.format(\"%n%s%n\", \"RegressionTest0.test58\"); org.mockito.internal.stubbing.defaultanswers.ReturnsEmptyValues returnsEmptyValues0 = new org.mockito.internal.stubbing.defaultanswers.ReturnsEmptyValues(); org.mockito.MockitoAnnotations.initMocks((java.lang.Object) returnsEmptyValues0); org.mockito.internal.util.MockUtil mockUtil2 = returnsEmptyValues0.mockUtil; org.mockito.internal.util.ObjectMethodsGuru objectMethodsGuru3 = returnsEmptyValues0.methodsGuru; org.mockito.invocation.InvocationOnMock invocationOnMock4 = null; try { java.lang.Object obj5 = returnsEmptyValues0.answer(invocationOnMock4); } catch (java.lang.NullPointerException e) { } }",
        "C":"public Object answer(InvocationOnMock invocation) { if (methodsGuru.isToString(invocation.getMethod())) { Object mock = invocation.getMock(); MockName name = mockUtil.getMockName(mock); if (name.isDefault()) { return \"Mock for \" + mockUtil.getMockSettings(mock).getTypeToMock().getSimpleName() + \", hashCode: \" + mock.hashCode(); } else { return name.toString(); } } else if (methodsGuru.isCompareToMethod(invocation.getMethod())) { return invocation.getMock() == invocation.getArguments()[0] ? 0 : 1; } Class<?> returnType = invocation.getMethod().getReturnType(); return returnValueFor(returnType); }",
        "label":"P"
    }
}