{
    "29893":{
        "dataset":"Real Faults",
        "project":"Collections",
        "bug_id":"25",
        "T":"public void testCollatedIterator() { try { IteratorUtils.collatedIterator(null, collectionOdd.iterator(), null); fail(\"expecting NullPointerException\"); } catch (NullPointerException npe) { } try { IteratorUtils.collatedIterator(null, null, collectionEven.iterator()); fail(\"expecting NullPointerException\"); } catch (NullPointerException npe) { } Iterator<Integer> it = IteratorUtils.collatedIterator(null, collectionOdd.iterator(), collectionEven.iterator()); List<Integer> result = IteratorUtils.toList(it); List<Integer> combinedList = new ArrayList<Integer>(); combinedList.addAll(collectionOdd); combinedList.addAll(collectionEven); Collections.sort(combinedList); it = IteratorUtils.collatedIterator(null, collectionOdd.iterator(), emptyCollection.iterator()); result = IteratorUtils.toList(it); final Comparator<Integer> reverseComparator = ComparatorUtils.reversedComparator(ComparatorUtils.<Integer>naturalComparator()); Collections.reverse((List<Integer>) collectionOdd); Collections.reverse((List<Integer>) collectionEven); Collections.reverse(combinedList); it = IteratorUtils.collatedIterator(reverseComparator, collectionOdd.iterator(), collectionEven.iterator()); result = IteratorUtils.toList(it); }",
        "C":"public static <E> Iterator<E> collatedIterator(final Comparator<? super E> comparator, final Iterator<? extends E> iterator1, final Iterator<? extends E> iterator2) { return new CollatingIterator<E>(comparator, iterator1, iterator2); }",
        "label":"F"
    },
    "29894":{
        "dataset":"Real Faults",
        "project":"Collections",
        "bug_id":"25",
        "T":"public void testCollatedIterator() { try { IteratorUtils.collatedIterator(null, collectionOdd.iterator(), null); fail(\"expecting NullPointerException\"); } catch (NullPointerException npe) { } try { IteratorUtils.collatedIterator(null, null, collectionEven.iterator()); fail(\"expecting NullPointerException\"); } catch (NullPointerException npe) { } Iterator<Integer> it = IteratorUtils.collatedIterator(null, collectionOdd.iterator(), collectionEven.iterator()); List<Integer> result = IteratorUtils.toList(it); List<Integer> combinedList = new ArrayList<Integer>(); combinedList.addAll(collectionOdd); combinedList.addAll(collectionEven); Collections.sort(combinedList); it = IteratorUtils.collatedIterator(null, collectionOdd.iterator(), emptyCollection.iterator()); result = IteratorUtils.toList(it); final Comparator<Integer> reverseComparator = ComparatorUtils.reversedComparator(ComparatorUtils.<Integer>naturalComparator()); Collections.reverse((List<Integer>) collectionOdd); Collections.reverse((List<Integer>) collectionEven); Collections.reverse(combinedList); it = IteratorUtils.collatedIterator(reverseComparator, collectionOdd.iterator(), collectionEven.iterator()); result = IteratorUtils.toList(it); }",
        "C":"public static <E> Iterator<E> collatedIterator(final Comparator<? super E> comparator, final Iterator<? extends E> iterator1, final Iterator<? extends E> iterator2) { @SuppressWarnings(\"unchecked\") final Comparator<E> comp = comparator == null ? ComparatorUtils.NATURAL_COMPARATOR : comparator; return new CollatingIterator<E>(comp, iterator1, iterator2); }",
        "label":"P"
    },
    "29895":{
        "dataset":"Real Faults",
        "project":"Collections",
        "bug_id":"28",
        "T":"public void testPrefixMapSizes() { PatriciaTrie<String> aTree = new PatriciaTrie<String>(); aTree.put(\"\u00c3\u00a7\u00c2\u0082\u00c2\u00b9\u00c3\u00a8\u00c2\u00af\u00c2\u0084\", \"\u00c3\u00a6\u00c2\u00b5\u00c2\u008b\u00c3\u00a8\u00c2\u00af\u00c2\u0095\"); aTree.put(\"\u00c3\u00a4\u00c2\u00b9\u00c2\u00a6\u00c3\u00a8\u00c2\u00af\u00c2\u0084\", \"\u00c3\u00a6\u00c2\u00b5\u00c2\u008b\u00c3\u00a8\u00c2\u00af\u00c2\u0095\"); aTree.clear(); aTree.put(\"\u00c3\u00a7\u00c2\u0082\u00c2\u00b9\u00c3\u00a8\u00c2\u00af\u00c2\u0084\", \"\u00c3\u00a8\u00c2\u0081\u00c2\u0094\u00c3\u00a7\u00c2\u009b\u00c2\u009f\"); aTree.put(\"\u00c3\u00a7\u00c2\u0082\u00c2\u00b9\u00c3\u00a7\u00c2\u0089\u00c2\u0088\", \"\u00c3\u00a5\u00c2\u00ae\u00c2\u009a\u00c3\u00a5\u00c2\u0090\u00c2\u0091\"); }",
        "C":"public void clear() { Iterator<Map.Entry<K, V>> it = AbstractPatriciaTrie.this.entrySet().iterator(); Set<K> currentKeys = keySet(); while (it.hasNext()) { if (currentKeys.contains(it.next().getKey())) { it.remove(); } } }",
        "label":"P"
    },
    "29896":{
        "dataset":"Real Faults",
        "project":"Collections",
        "bug_id":"28",
        "T":"public void testPrefixMapClear() { Trie<String, Integer> trie = new PatriciaTrie<Integer>(); trie.put(\"Anna\", 1); trie.put(\"Anael\", 2); trie.put(\"Analu\", 3); trie.put(\"Andreas\", 4); trie.put(\"Andrea\", 5); trie.put(\"Andres\", 6); trie.put(\"Anatole\", 7); SortedMap<String, Integer> prefixMap = trie.prefixMap(\"And\"); prefixMap.clear(); }",
        "C":"public void clear() { Iterator<Map.Entry<K, V>> it = AbstractPatriciaTrie.this.entrySet().iterator(); Set<K> currentKeys = keySet(); while (it.hasNext()) { if (currentKeys.contains(it.next().getKey())) { it.remove(); } } }",
        "label":"P"
    },
    "29897":{
        "dataset":"Real Faults",
        "project":"Collections",
        "bug_id":"28",
        "T":"public void testPrefixMapClearNothing() { Trie<String, Integer> trie = new PatriciaTrie<Integer>(); SortedMap<String, Integer> prefixMap = trie.prefixMap(\"And\"); prefixMap.clear(); }",
        "C":"public void clear() { Iterator<Map.Entry<K, V>> it = AbstractPatriciaTrie.this.entrySet().iterator(); Set<K> currentKeys = keySet(); while (it.hasNext()) { if (currentKeys.contains(it.next().getKey())) { it.remove(); } } }",
        "label":"P"
    },
    "29898":{
        "dataset":"Real Faults",
        "project":"Collections",
        "bug_id":"28",
        "T":"public void test354() throws Throwable { if (debug) System.out.format(\"%n%s%n\", \"RegressionTest0.test354\"); org.apache.commons.collections4.trie.PatriciaTrie<org.apache.commons.collections4.trie.analyzer.StringKeyAnalyzer> stringKeyAnalyzerMap0 = new org.apache.commons.collections4.trie.PatriciaTrie<org.apache.commons.collections4.trie.analyzer.StringKeyAnalyzer>(); java.util.Map<java.lang.String, org.apache.commons.collections4.trie.analyzer.StringKeyAnalyzer> strMap1 = null; org.apache.commons.collections4.trie.PatriciaTrie<org.apache.commons.collections4.trie.analyzer.StringKeyAnalyzer> stringKeyAnalyzerMap2 = new org.apache.commons.collections4.trie.PatriciaTrie<org.apache.commons.collections4.trie.analyzer.StringKeyAnalyzer>(); org.apache.commons.collections4.trie.AbstractPatriciaTrie.TrieEntry<java.util.Map<java.lang.String, org.apache.commons.collections4.trie.analyzer.StringKeyAnalyzer>, org.apache.commons.collections4.trie.AbstractPatriciaTrie<java.lang.String, org.apache.commons.collections4.trie.analyzer.StringKeyAnalyzer>> strMapTrieEntry4 = new org.apache.commons.collections4.trie.AbstractPatriciaTrie.TrieEntry<java.util.Map<java.lang.String, org.apache.commons.collections4.trie.analyzer.StringKeyAnalyzer>, org.apache.commons.collections4.trie.AbstractPatriciaTrie<java.lang.String, org.apache.commons.collections4.trie.analyzer.StringKeyAnalyzer>>(strMap1, (org.apache.commons.collections4.trie.AbstractPatriciaTrie<java.lang.String, org.apache.commons.collections4.trie.analyzer.StringKeyAnalyzer>) stringKeyAnalyzerMap2, (-3)); org.apache.commons.collections4.trie.PatriciaTrie<org.apache.commons.collections4.trie.analyzer.StringKeyAnalyzer> stringKeyAnalyzerMap5 = new org.apache.commons.collections4.trie.PatriciaTrie<org.apache.commons.collections4.trie.analyzer.StringKeyAnalyzer>(); org.apache.commons.collections4.trie.AbstractPatriciaTrie.TrieEntry<java.lang.String, org.apache.commons.collections4.trie.analyzer.StringKeyAnalyzer> strTrieEntry9 = stringKeyAnalyzerMap5.subtree(\"\", (int) (byte) 10, 100); stringKeyAnalyzerMap5.clear(); stringKeyAnalyzerMap2.putAll((java.util.Map<java.lang.String, org.apache.commons.collections4.trie.analyzer.StringKeyAnalyzer>) stringKeyAnalyzerMap5); org.apache.commons.collections4.trie.analyzer.StringKeyAnalyzer stringKeyAnalyzer13 = new org.apache.commons.collections4.trie.analyzer.StringKeyAnalyzer(); int int14 = stringKeyAnalyzer13.bitsPerElement(); boolean boolean18 = stringKeyAnalyzer13.isBitSet(\"hi!\", (int) '#', (int) '4'); int int20 = stringKeyAnalyzer13.lengthInBits(\"\"); boolean boolean24 = stringKeyAnalyzer13.isBitSet(\"\", 1, 1); int int25 = stringKeyAnalyzer13.bitsPerElement(); int int27 = stringKeyAnalyzer13.lengthInBits(\"\"); org.apache.commons.collections4.trie.analyzer.StringKeyAnalyzer stringKeyAnalyzer28 = stringKeyAnalyzerMap2.replace(\"hi!\", stringKeyAnalyzer13); java.util.SortedMap<java.lang.String, org.apache.commons.collections4.trie.analyzer.StringKeyAnalyzer> strMap30 = stringKeyAnalyzerMap2.prefixMap(\"hi!\"); boolean boolean31 = stringKeyAnalyzerMap0.equals((java.lang.Object) stringKeyAnalyzerMap2); org.apache.commons.collections4.trie.analyzer.StringKeyAnalyzer stringKeyAnalyzer33 = org.apache.commons.collections4.trie.analyzer.StringKeyAnalyzer.INSTANCE; int int36 = stringKeyAnalyzer33.compare(\"\", \"\"); org.apache.commons.collections4.trie.analyzer.StringKeyAnalyzer stringKeyAnalyzer37 = stringKeyAnalyzerMap0.put(\"Entry(key=null [-3], value=Trie[0]={\\n}\\n, parent=null, left=null [-3], right=null, predecessor=null [-3])\", stringKeyAnalyzer33); }",
        "C":"public void clear() { Iterator<Map.Entry<K, V>> it = AbstractPatriciaTrie.this.entrySet().iterator(); Set<K> currentKeys = keySet(); while (it.hasNext()) { if (currentKeys.contains(it.next().getKey())) { it.remove(); } } }",
        "label":"P"
    },
    "29899":{
        "dataset":"Real Faults",
        "project":"Collections",
        "bug_id":"28",
        "T":"public void test322() throws Throwable { if (debug) System.out.format(\"%n%s%n\", \"RegressionTest0.test322\"); java.util.Map<java.lang.String, org.apache.commons.collections4.trie.analyzer.StringKeyAnalyzer> strMap0 = null; org.apache.commons.collections4.trie.PatriciaTrie<org.apache.commons.collections4.trie.analyzer.StringKeyAnalyzer> stringKeyAnalyzerMap1 = new org.apache.commons.collections4.trie.PatriciaTrie<org.apache.commons.collections4.trie.analyzer.StringKeyAnalyzer>(); org.apache.commons.collections4.trie.AbstractPatriciaTrie.TrieEntry<java.util.Map<java.lang.String, org.apache.commons.collections4.trie.analyzer.StringKeyAnalyzer>, org.apache.commons.collections4.trie.AbstractPatriciaTrie<java.lang.String, org.apache.commons.collections4.trie.analyzer.StringKeyAnalyzer>> strMapTrieEntry3 = new org.apache.commons.collections4.trie.AbstractPatriciaTrie.TrieEntry<java.util.Map<java.lang.String, org.apache.commons.collections4.trie.analyzer.StringKeyAnalyzer>, org.apache.commons.collections4.trie.AbstractPatriciaTrie<java.lang.String, org.apache.commons.collections4.trie.analyzer.StringKeyAnalyzer>>(strMap0, (org.apache.commons.collections4.trie.AbstractPatriciaTrie<java.lang.String, org.apache.commons.collections4.trie.analyzer.StringKeyAnalyzer>) stringKeyAnalyzerMap1, (-3)); boolean boolean4 = strMapTrieEntry3.isEmpty(); java.util.Map<java.lang.String, org.apache.commons.collections4.trie.analyzer.StringKeyAnalyzer> strMap5 = strMapTrieEntry3.getKey(); org.apache.commons.collections4.trie.PatriciaTrie<org.apache.commons.collections4.trie.analyzer.StringKeyAnalyzer> stringKeyAnalyzerMap6 = new org.apache.commons.collections4.trie.PatriciaTrie<org.apache.commons.collections4.trie.analyzer.StringKeyAnalyzer>(); java.util.Set<java.util.Map.Entry<java.lang.String, org.apache.commons.collections4.trie.analyzer.StringKeyAnalyzer>> strEntrySet7 = stringKeyAnalyzerMap6.entrySet(); java.util.Map<java.lang.String, org.apache.commons.collections4.trie.analyzer.StringKeyAnalyzer> strMap8 = null; org.apache.commons.collections4.trie.PatriciaTrie<org.apache.commons.collections4.trie.analyzer.StringKeyAnalyzer> stringKeyAnalyzerMap9 = new org.apache.commons.collections4.trie.PatriciaTrie<org.apache.commons.collections4.trie.analyzer.StringKeyAnalyzer>(); org.apache.commons.collections4.trie.AbstractPatriciaTrie.TrieEntry<java.util.Map<java.lang.String, org.apache.commons.collections4.trie.analyzer.StringKeyAnalyzer>, org.apache.commons.collections4.trie.AbstractPatriciaTrie<java.lang.String, org.apache.commons.collections4.trie.analyzer.StringKeyAnalyzer>> strMapTrieEntry11 = new org.apache.commons.collections4.trie.AbstractPatriciaTrie.TrieEntry<java.util.Map<java.lang.String, org.apache.commons.collections4.trie.analyzer.StringKeyAnalyzer>, org.apache.commons.collections4.trie.AbstractPatriciaTrie<java.lang.String, org.apache.commons.collections4.trie.analyzer.StringKeyAnalyzer>>(strMap8, (org.apache.commons.collections4.trie.AbstractPatriciaTrie<java.lang.String, org.apache.commons.collections4.trie.analyzer.StringKeyAnalyzer>) stringKeyAnalyzerMap9, (-3)); java.util.Comparator<? super java.lang.String> wildcardComparator12 = stringKeyAnalyzerMap9.comparator(); java.util.Set<java.lang.String> strSet13 = stringKeyAnalyzerMap9.keySet(); org.apache.commons.collections4.trie.AbstractPatriciaTrie<java.lang.String, org.apache.commons.collections4.trie.analyzer.StringKeyAnalyzer> strMap14 = strMapTrieEntry3.setKeyValue((java.util.Map<java.lang.String, org.apache.commons.collections4.trie.analyzer.StringKeyAnalyzer>) stringKeyAnalyzerMap6, (org.apache.commons.collections4.trie.AbstractPatriciaTrie<java.lang.String, org.apache.commons.collections4.trie.analyzer.StringKeyAnalyzer>) stringKeyAnalyzerMap9); java.util.Set<java.lang.String> strSet15 = strMap14.keySet(); strMap14.clear(); org.apache.commons.collections4.MapIterator<java.lang.String, org.apache.commons.collections4.trie.analyzer.StringKeyAnalyzer> strItor17 = strMap14.mapIterator(); java.lang.Object obj18 = null; boolean boolean19 = strMap14.equals(obj18); java.util.Collection<org.apache.commons.collections4.trie.analyzer.StringKeyAnalyzer> stringKeyAnalyzerCollection20 = strMap14.values(); strMap14.clear(); }",
        "C":"public void clear() { Iterator<Map.Entry<K, V>> it = AbstractPatriciaTrie.this.entrySet().iterator(); Set<K> currentKeys = keySet(); while (it.hasNext()) { if (currentKeys.contains(it.next().getKey())) { it.remove(); } } }",
        "label":"P"
    }
}